Name=main.htmlPath=0/cs/research/projects/FractalCal/trade97/main.htmlName=cov97.gifPath=I/cs/research/projects/FractalCal/trade97/cov97.gifName=bercel_01_small.gifPath=I/cs/research/projects/FractalCal/trade97/bercel_01_small.gifName=bercel_02_small.gifPath=I/cs/research/projects/FractalCal/trade97/bercel_02_small.gifName=berry_01_small.gifPath=I/cs/research/projects/FractalCal/trade97/berry_01_small.gifName=evans_01_small.gifPath=I/cs/research/projects/FractalCal/trade97/evans_01_small.gifName=field_01_small.gifPath=I/cs/research/projects/FractalCal/trade97/field_01_small.gifName=field_02_small.gifPath=I/cs/research/projects/FractalCal/trade97/field_02_small.gifName=hepting_01_small.gifPath=I/cs/research/projects/FractalCal/trade97/hepting_01_small.gifName=hepting_02_small.gifPath=I/cs/research/projects/FractalCal/trade97/hepting_02_small.gifName=hepting_03_small.gifPath=I/cs/research/projects/FractalCal/trade97/hepting_03_small.gifName=musgrave_01_small.gifPath=I/cs/research/projects/FractalCal/trade97/musgrave_01_small.gifName=musgrave_02_small.gifPath=I/cs/research/projects/FractalCal/trade97/musgrave_02_small.gifName=suffern_01_small.gifPath=I/cs/research/projects/FractalCal/trade97/suffern_01_small.gifName=thollot_01_small.gifPath=I/cs/research/projects/FractalCal/trade97/thollot_01_small.gif